{
  "criteria": {
    "minecraft:jungle_temple": {
      "trigger": "minecraft:player_generates_container_loot",
      "conditions": {
        "loot_table": "minecraft:chests/jungle_temple"
      }
    },
    "tcc:jungle_temple": {
      "trigger": "minecraft:player_generates_container_loot",
      "conditions": {
        "loot_table": "tcc:chests/jungle_temple/common"
      }
    }
  },
  "requirements": [
    [
      "minecraft:jungle_temple",
      "tcc:jungle_temple"
    ]
  ],
  "rewards": {
    "function": "cnk:seeds/coffee/loot/main"
  }
}